[
  {
    "id": "8d72bffd-05fe-4440-8f3e-89c57605482c",
    "data": [
      {
        "text": "buenas",
        "userDefined": false
      }
    ],
    "isTemplate": false,
    "count": 0,
    "updated": 1539179268
  },
  {
    "id": "dd1ef3bf-d809-4325-a980-7dd6c5d77218",
    "data": [
      {
        "text": "buenas tardes",
        "userDefined": false
      }
    ],
    "isTemplate": false,
    "count": 0,
    "updated": 1539179268
  },
  {
    "id": "758fb637-0ad9-4a1a-aea7-9ca2443abf11",
    "data": [
      {
        "text": "buen día",
        "userDefined": false
      }
    ],
    "isTemplate": false,
    "count": 0,
    "updated": 1539179268
  },
  {
    "id": "a9c538d2-6728-43a9-880d-ce7d7101726d",
    "data": [
      {
        "text": "hola",
        "userDefined": false
      }
    ],
    "isTemplate": false,
    "count": 0,
    "updated": 0
  },
  {
    "id": "21e5bcd8-4570-4e40-809b-3a09ebbb85d1",
    "data": [
      {
        "text": "hey",
        "userDefined": false
      }
    ],
    "isTemplate": false,
    "count": 0,
    "updated": 0
  },
  {
    "id": "287ab8bc-f840-4943-b739-48c0099e0a3e",
    "data": [
      {
        "text": "saludos",
        "userDefined": false
      }
    ],
    "isTemplate": false,
    "count": 0,
    "updated": 0
  },
  {
    "id": "9e0355ca-f8c8-4bd5-a84b-a5f9fd8d3591",
    "data": [
      {
        "text": "hey ho",
        "userDefined": false
      }
    ],
    "isTemplate": false,
    "count": 0,
    "updated": 0
  }
]